{
  "IsEncrypted": false,
  "Values": {
    "FUNCTIONS_WORKER_RUNTIME": "python",
    "AzureWebJobsStorage": "UseDevelopmentStorage=true",
    "EventHubConnectionString": "Endpoint=sb://ihsuprodamres100dednamespace.servicebus.windows.net/;SharedAccessKeyName=iothubowner;SharedAccessKey=FFzfRiduzvHD9+r2ey+WFxXQ9vafU50blAIoTNFNRCU=;EntityPath=iothub-ehub-soil-moist-66131765-ba489d0ab3",
    "REGISTRY_MANAGER_CONNECTION_STRING": "HostName=soil-moisture-sensor-anna.azure-devices.net;SharedAccessKeyName=iothubowner;SharedAccessKey=FFzfRiduzvHD9+r2ey+WFxXQ9vafU50blAIoTNFNRCU="
  }
}